Département,EPCI/EPT (sigle),Nom complet,Code EPCI,Type,Population,Adresse,Version,Etat,"Mise-à-
jour",Dernier contact,Point d'avancement,Référent technique,Référent élu,AMO,Accompagnement syndicat d'énergie,"Accompagnement
Cytergie",CPER,Délai légal de réalisation,"Restitution du bilan QA
(DL 01/02/2021)",Adoption du PAR,Commentaire et planification,PHASE DE LANCEMENT,Délibération de lancement,PHASE DE CONCERTATION PREALABLE,"Notification
(réception)",Porté à connaissance,PHASE ELABORATION DU DIAGNOSTIC,PHASE DEFINITION DE LA STRATEGIE,PHASE CREATION DU PLAN D'ACTIONS,Projet de plan,"Avis Ae
(réception)","Avis État
ou MGP
(réception)","Avis Ae
(émission)","Avis État
(émission)",PHASE DE CONSULTATION DU PUBLIC,Adoption du plan,Publication territoire et climat,Lien plateforme nationale,Lien site internet collectivité,Projet de territoire,SCoT,PLUi,PLD,PLH,Schéma directeur des réseaux de chaleur,CTE,Autre
75,75-Paris,Commune de Paris (T1),200054781,EPT,2244000,non connu,,Adopté,20/06/19,,,"M. Yann FRANÇOISE
yann.francoise@paris.fr",non connu,non connu,aucun,2016,,01/01/2021,sans information,sans information,,s.o.,n.c.,s.o.,24/10/16,s.o.,réalisé,réalisé,réalisé,24/11/17,12/09/17,02/02/18,12/12/17,s.o.,réalisé,22/03/18,,,,,"planifié
avec MGP",,,,,,"Lauréat AMI ""Santé, Environnement, Aménagement"" (2019)"
77,77-CACPB,CA Coulomiers-Pays-de-Brie,200077055,CA,90000,"Communauté d'agglomération
Coulommiers-Pays-de-Brie
13, rue du Général de Gaulle
77120 Coulommiers",1,Notifié,24/03/20,28/02/20,,"Mme Valérie RAMBEAU
Directrice générale des services
01 64 75 80 07
d.g.s@coulommiers.fr",non connu,non connu,SDESM,aucun,"€89 399,00",01/01/2022,sans information,sans information,,non connu,27/09/2018,planifié,28/02/20,élaboration en cours,"planifié
2019/S1 : début de la phase de diagnostic",,,,,,,,,,,,,,planifié,,,"planifié
élaboration en parrallèle du PCAET",,,
77,77-CAMG,CA Marne-et-Gondoire,247700594,CA,93000,"Communauté d’agglomération de Marne-et-Gondoire
Domaine de Rentilly
1, rue de l’étang
CS20069 Bussy-Saint-Martin
77603 Marne-la-Vallée cedex 3",,Adopté,22/03/21,26/3/20,,"Mme Magali BERTON
01 60 35 46 87
M. Quentin REVERT
(01 64 77 36 13) ???
quentin.revert@marneetgondoire.fr","Monsieur Thibaud GUILLEMET
Vice-Président en charge de la transition énergétique","B&L évolution
 ETHIK PRESSE",SDESM,aucun,,01/01/2021,sans information,sans information,,"24/05/2018 : Séminaire de lancement
22/11/2018 : journée de sensibilisation
04/12/2018 : présentation de la démarche aux acteurs",20/02/2018,"02/04/2018 : déclaration intention
21/02/2019 : soirée de lancement
04-08/03/2019 : atelier
14/03/2019 : atelier ""club-climat""
16,23,28/05,4,11/06/2019 : ateliers ""club-climat""
13/09/2019 : atelier ""biodiversité et climat""",20/02/18,18/05/18,19/10/2018 : Présentation synthèse du diagnostic,11/04/2019 : COPIL présentation stratégie,2019/6 : COPIL présentation programme action,03/02/2020,26/03/20,26/03/20,élaboration en cours,31/7/20,,"planifié
2020/2 : adoption",,, http://www.planclimat-marneetgondoire.fr/index.php,pas envisagé,"planifié
en cours de révision",pas envisagé,PLD du SIT applicable à Marne et Gondoire (2008),"planifié
en cours de révision",pas envisagé,"planifié
09/07/2019 : lauréat
10/09/2019 : Réunion lancement","- Plan de Protection des espaces agricoles et naturels peri-urbain (PPEANP) : http://www.marneetgondoire.fr/protection-des-espaces/le-ppeanp-192.htm
- Contrat de Transition Écologique (projet) : devrait être signé le 2 juillet 2019"
77,77-CAMVS,CA Melun-Val-de-Seine,247700057,CA,127000,"Communauté d'Agglomération Melun-Val-de-Seine
297, rue Rousseau Vaudran
CS 30187
77198 Dammarie-lès-Lys CEDEX",,"Adopté
(pré-LTECV)",23/11/20,20/11/20,"Départ de Nelly NOBOUSSIE (20/11/20)

Evaluation environnementale prévu en 2021","Sandra DEL RIO
Responsable de Service Aménagement Durable
(par intérim)
01 78 49 96 08
06 79 16 60 81
sandra.del-rio@camvs.com",non connu,non connu,non connu,2019,,01/01/2021,sans information,sans information,,s.o.,n.c.,s.o.,2015/janvier,s.o.,s.o.,s.o.,s.o.,s.o.,s.o.,25/04/16,s.o.,tacite,s.o.,2017/décembre,,,http://www.melunvaldeseine.fr/L-Agglo-en-actions/Developpement-Durable/Plan-Climat-Air-Energie-Territorial-PCAET/Etapes-du-plan-climat,,,,,,,,
77,77-CAPF,CA Pays-de-Fontainebleau,200072346,CA,68212,"Communauté d'agglomération du Pays-de-Fontainebleau
44, rue du Château
77300 Fontainebleau",,Consultation,07/12/20,07/12/20,Adoption du PCAET prévu le 10/12/20,"Chau NGUYEN
chargee.environnement@pays-fontainebleau.fr ",non connu,ALGOE/GB,non connu,non connu,"€150 000,00",01/01/2022,sans information,sans information,,"15/03/2018 signature convention CAPF, CCPM, CCPN
12/02/2019 : Séminaire 'Inventons le territoire bas-carbone'",15/03/2018,19/09/2018 : déclaration d’intention,15/02/18,via P77,"25/03 & 30/04/2019 COTECH
07/06/2019 : COPIL","réalisé
","réalisé
",03/02/20,16/03/20,03/02/20,élaboration en cours,13/5/20,,,,,,,,,planifié,planifié,,,
77,77-CAPM,CA Pays-de-Meaux,200072130,CA,101000,"Communauté d'agglomération du Pays-de-Meaux
Hotel de Ville
77100 MEAUX",,Gestation,25/03/20,24/03/20,,"Mme Caroline JAROSZEK
01 60 09 98 27
caroline.jaroszek@meaux.fr",non connu,ARTELIA,non connu,non connu,"€150 000,00",01/01/2021,sans information,sans information,,,21/09/2018,,,,,,,,,,,,,,,,,,,,,planifié,,,
77,77-CAPVM,CA Paris-Vallée-de-la-Marne,200057958,CA,225706,"Communauté d'Agglomération Paris -Vallée de la Marne
5, cours de l'Arche Guédon à Torcy 
77207 Marne-la-Vallée Cedex 1",,Adopté,30/09/21,27/08/19,,"M. Elric PLANCHAIS
01 72 84 62 11
e.planchais@agglo-pvm.fr","Mme Colette BOISSOT
(élue au développement durable)
",INDDIGO,SIGEIF,2017,"€226 906,00",01/01/2021,sans information,sans information,,17/10/2018 : séminaire CDTE,12/04/2017,"déclaration d'intention en ligne
plaquette de communication grand public
questionnaire en ligne",08/10/2018,s.o.,"20/02/2019 : COTECH Diagnostic
17/05/2019 : Présentation du diagnostic","27/05/2019 : Atelier stratégie
27/06/2019 : COPIL Stratégie","planifié
16/19/2019 : Atelier adaptation au changement-climatique
07/10/2019 : Atelier exemplarité de la CAPVM
07/10/2019 : Atelier réseaux d'énergies et EnR
21/10/2019 : Atelier mobilité
21/10/2019 : Atelier habitat
14/11/2019 : COTECH restitution",,,,,,,,,,,,,,,,,,
77,77-CAVEA,CA Val-d'Europe-Agglomération,247700339,CA,30732,"Val d'Europe Agglomération
Château de Chessy
BP-40 Chessy
77701 Marne-la-Vallées cedex 4",,Consultation,24/03/20,04/09/19,,"Vassilia BUCAN
Pôle qualité urbaine
Chargé du plan climat
planclimat@vdeagglo.fr","Mme Peggy PHARISIEN
Vice-président à la Transition écologique",E6,non connu,non,"€100 000,00",01/01/2021,sans information,sans information,,"09/11/2017 : Rencontre DDT-77
09/03/2018 : réunion de lancement",21/09/2017,"planifié
20/09/2019 : Atelier consommations et déchets
21/09/2019 : Atelier énergies renouvelables
27/09/2019 : Atelier urbanisme
04/10/2019 : Atelier mobilité
05/10/2019 : Atelier habitat
05/10/2019 : Atelier agriculture et forêt",23/10/19,02/01/2020,"2018, mars-décembre
29/11/2018 : Atelier de présentation du diagnostic","2019, janvier à mai
27/09/2019 : Atelier inter-entreprises","planifié
2019, septembre à novembre","planifié
2019, décembre",,,,,,,,,,,"planifié
", https://www.valdeuropeagglo.fr/plui-et-reglement-de-publicite/,, https://www.valdeuropeagglo.fr/plui-et-reglement-de-publicite/,,,
77,77-CCBM,CC Bassée-Montois,200040251,CC,24000,"Communauté de communes 
Bassée-Montois
12 rue Joseph Bara
77480 Bray-sur-Seine",1,Notifié,26/07/19,15/04/19,,asenechal-ccbasseemontois@orange.fr,non connu,non connu,non connu,non connu,"€75 000,00",01/01/2022,sans information,sans information,,réalisé,28/03/2019,"planifié
- réunion de GT avec les acteurs
- 2 réunions publiques
- concertation en ligne",25/04/19,s.o.,planifié,planifié,planifié,,,,,,,,,,,,"planifié
avec CCP",,,,,,
77,77-CCBN,CC Brie-Nangicienne,247700701,CC,27171,"Communauté de communes
de la Brie Nangicienne
4, rue René Cassin
77370 Nangis",,Notifié,13/08/19,,,non connu,non connu,non connu,SDESM,non connu,"€82 050,00",01/01/2022,sans information,sans information,,16/03/2019 : séminaire CDTE,non connu,non connu,12/09/18,via P77,"planifié
en cours",,,,,,,,,,,,,,,,,,,,
77,77-CCBRC,CC Brie-des-Rivières-et-Châteaux,200070779,CC,37420,"Communauté de commune
Brie des rivières et châteaux
1 rue des Petits Champs
77820 Le Châtelet-en-Brie",1,Consultation,14/09/21,19/08/19,,M. Romain ROBERT,non connu,non connu,non connu,non connu,"€113 733,00",01/01/2022,sans information,sans information,,20/05/2019 : séminaire CDTE,14/03/2018,non connu,11/03/19,s.o.,25/06/2019 : Présentation du diagnostic,,,,,,,,,,,,,,,,,,,,
77,77-CCDM,CC des-Deux-Morin,200072544,CC,26342,"Communauté de Communes des Deux -Morin
1 rue Robert Legraverend
77320 La Ferté-Gaucher",,Notifié,14/01/20,23/08/19,,"Mme Caroline SAUGET
01 64 03 07 77
c.sauget@cc2m.fr",non connu,non connu,non connu,non connu,"€79 233,00",01/01/2022,sans information,sans information,,"planifié
17/09/2019 : séminaire de lancement",16/11/2017,"planifié
23/08/2019 : Déclaration d'intention
2019-2020 : 
- séminaire de lancement élus, agents, partenanires
- 4 séances de travail avec les acteurs
- 2 réunions publics
- communication institutionnelle (plaquette, journaux communaux)
- plateforme participative",28/12/19,02/01/2020,"planifié
novembre 2019 : lancement de l'étude
février 2020 : présentation du diagnostic","planifié
juin 2020 : mobilisation des acteurs et du publics pour définir la stratégie
septembre 2020 : présentation de la stratégie","planifié
octobre 2020 : mobilisation des acteurs et du publics pour élaborer le plan d'actions","planifié
décembre 2020",,,,,planifié,"planifié
juillet 2021",,,,,,,,,,,
77,77-CCGVL,CC Gâtinais-Val-de-Loing,200023919,CC,19237,,,Non concerné,,,,non connu,non connu,non connu,non connu,non connu,,non concerné,non concerné,non concerné,non concerné,,,,,,,,,,,,,,,,,,,,,,,,,,
77,77-CCMSL,CC Morêt-Seine-et-Loing,247700032,CC,38761,"Communauté de communes
Morêt-Seine-et-Loing
23, rue du Pavé Neuf
CS 80 214
77815 Morêt-Loing-et-Orvanne Cedex",,Adopté,25/04/22,20/09/19,,"M. Johann BARRAUD
Chargé d'étude
01 64 70 72 23
johann.barraud@ccmsl.com","M. Yves BRUMENT
(vice-président à l'urbanisme)
maire de Saint-Mammès",BL-évolution,SDESM,aucun,,01/01/2022,sans information,sans information,,"29/01/2019 : séminaire de lancement
- 4 ateliers numériques
- 4 ateliers physiques (2019/novembre-décembre)",05/11/2018,"planifié
- plateforme participative
29/06/2019 : réunion grand public et mobilisation des acteurs ""fête de l'eau"" à Saint Mammès
13/09/2019 : réunion publique d'information",04/01/19,s.o.,"2019/avril-juin
15/05/2019 : présentation diagnostic
- une réunion public de présentation du diagnostic","planifié 2019/septembre-novembre
10/09/2019 : atelier élus sur les enjeux et priorités du PCAET
01/10/2019 : COPIL, validation des orientations stratégiques","planifié 2019/décembre-2020/février
2019/septembre-décembre
2020 : réunion public de présentation","planifié
2020/février",,,,,,,,,,,"planifié
avec CC2F",pas envisagé,pas envisagé,"planifié
en gestation",,,
77/91,77-CCOB,CC Orée-Brie,247700644,CC,25965,"Communauté de communes de
l’Orée-de-la-Brie
1 place de la Gare
77170 BRIE-COMTE-ROBERT",,Notifié,11/12/19,19/08/19,,"Mme Carine BORDUY
carine.borduy@loreedelabrie.fr","M. Jack DEBRAY
Vice-président en charge de l’environnement",non connu,"SDESM
",non connu,"€93 755,00",01/01/2022,sans information,sans information,,22/01/2020 : séminaire élu,26/06/2019,"planifié
",19/08/19,2019,"planifié
","planifié
","planifié
","planifié
",,,,,,,,,,,,,,,,,
77,77-CCP,CC Provinois,200037133,CC,34483,"Communauté de communes du Provinois
7, Cours des Bénédictins
77160 Provins",,Notifié,08/12/20,,,non connu,non connu,non connu,non connu,non connu,demande en cours,01/01/2022,sans information,sans information,,18/04/2019 : séminaire,,,via préfet département,,,,,,,,,,,,,,,,"planifié
avec CCBM",,,,,,
77,77-CCPB,CC Portes-Briardes-entre-Ville-et-Forêts,200023125,CC,45343,"Communauté de communes
Les Portes-Briardes
43, avenue du Général De Gaulle
77330 Ozoir-la-Ferrière",,Notifié,15/10/19,14/10/19,,"Mme Sylviane POUX
01 54 43 35 60
spoux@lesportesbriardes.fr",non connu,non connu,"SDESM
",non connu,"100000€
demandé",01/01/2021,sans information,sans information,,23/05/2019 : Séminaire CDTE,25/06/2019,"planifié
03/07/2019 : déclaration d'intention
- 2 ateliers thématiques de co-construction
- mise en place d'une plateforme participative",12/07/19,9/9/19,,,,,,,,,,,,,,,,,,,,,
77,77-CCPM,"CC Pays-de-Montereau
(ex CC Deux-Fleuves)",247700107,CC,39869,"Communauté de Communes du Pays de Montereau
29, Avenue du Général de Gaulle
77130 MONTEREAU  FAULT YONNE Cedex",,Adopté,06/01/21,14/10/19,,"Mme Élisabeth DUBUJET
01 60 73 43 86
elisabeth.dubujet@paysdemontereau.fr",M. Pascal DALICIEUX,ALGOE/GB,aucun,aucun,"€147 902,00",01/01/2022,sans information,sans information,,"22&25/06/2018 : cadrage
06/07/2018 : séminaire CDTE",12/02/2018,"19/09/2018 : déclaration d’intention
27/05/2019 : atelier 'développement économique local'",06/07/18,s.o.,"15/11/18 : COTECH
22/11/18 : COPIL","26/03/2019 : COTECH
14/05/2019 : COPIL","27/05/2019 : Atelier dev. économique
24/09/2019 : COTECH
2019/10 : COPIL",16/12/2019 : conseil communautaire,demandé,18/12/19,élaboration en cours,11/2/20,,,,,http://www.paysdemontereau.fr/,Projet de territoire 2017-2023 (octobre 2017),"planifié
avec CCMSL",pas envisagé,http://www.paysdemontereau.fr/habitat-deplacement/plan-local-de-deplacement/,PLH 2017-2023 (08/10/2018),pas envisagé,,
77,77-CCPMF,CC Plaines-et-Monts-de-France,200033090,CC,23572,"Communauté de Communes Plaines et Monts de France
6, rue du Général de Gaulle
77230 Dammartin-en-Goële",1.0,Adopté,16/12/20,16/12/20,,"Mme Marine De SOUSA
01 60 54 65 59
marine.de-sousa@cc-pmf.fr
Mme Camille DEHU
camille.dehu@cc-pmf.fr

Mme Marion SALMON
Chargée de missions aménagement du territoire
01 60 54 65 57
marion.salmon@cc-pmf.fr",non connu,en interne,aucun,2018,"€75 000,00",01/01/2022,sans information,sans information,,réalisé,26/01/2015,01/08/2018 : déclaration d’intention,29/06/17,27/10//17,réalisé,réalisé,réalisé,04/09/19,4/9/19,04/09/19,28/11/19,30/10/19,"réalisé
délibération du 27/12/2019",02/03/20,20/03/20,,,,,,,,,,"Lauréat AMI ""Santé, Environnement, Aménagement"" (2019)"
77,77-CCPN,CC Pays-de-Nemours,200023240,CC,29886,"Communauté de Communes du Pays de Nemours
41 quai Victor Hugo
77140 Nemours",,Consultation,27/03/20,13/01/20,,"Mme Chloé BARBET
Pôle environnement
01 64 78 69 05 / 07 84 06 32 12
chloe.barbet@paysdenemours.fr",non connu,ALGOE/GB,non connu,non connu,"€108 029,00",01/01/2022,sans information,sans information,,"15/03/2018 signature convention CAPF, CCPM, CCPN
15/05/2019 atelier PCAET/CDTE-77",15/03/2018,19/09/2018 : déclaration d’intention,de facto,s.o.,réalisé,réalisé,réalisé,10/1/20,13/01/20,13/01/20,élaboration en cours,27/3/20,,,,,,,,,,planifié,,,
77,77-CCPO,CC Pays-de-l'Ourcq,247700065,CC,17837,non connu,,Non concerné,,,,non connu,non connu,non connu,non connu,non connu,,non concerné,non concerné,non concerné,non concerné,,,,,,,,,,,,,,,,,,,,"planifié
avec CCPFe",,,,,,
77,77-CCVB,CC Val-Briard,200072874,CC,34512,non connu,,Notifié,08/12/20,,,non connu,non connu,non connu,non connu,non connu,"€104 490,00",01/01/2022,sans information,sans information,,2019/06 : séminaire CDTE,,,via préfet 77,,,,,,,,,,,,,,,,,,,,,,
78,78-CART,CA Rambouillet-Territoires,200073344,CA,78000,"Communauté d’agglomération Rambouillet-Territoires
1 rue de Cutesson
BP 40036
78511 Rambouillet Cedex",,Adopté,05/04/22,11/12/18,,"M. Jean MOLA
01 34 57 58 36
j.mola@rt78.fr",M. Marc ROBERT (président),Climat Mundi,non connu,non connu,,01/01/2022,sans information,sans information,,réalisé,04/07/2017,01/03/2019 : publication déclaration d'intention,19/07/17,27/10/17,"Octobre 2018
COPIL 2/10/18
COPIL 12/12/18",pas de phase de définition de la stratégie,"planifié
en cours","planifié
2019/T4",,,,,,,,,,,"oui
à rechercher",,,,,,
78,78-CASGBS,CA Saint-Germain-Boucle-de-la-Seine,200058519,CA,340000,"Communauté d’agglomération Saint Germain Boucles de Seine
Parc des Érables – Bâtiment 4
66 route de Sartrouville
78230 Le Pecq",,Notifié,15/07/19,20/03/20,,"M. Alexandre LAVIGOGNE
01 30 09 75 36
Lavigogne.alexandre@casgbs.fr
Mme Anne-Noëlle PETIT
01 30 08 75 24/07 85 06 55 71
petit.anne-noelle@casgbs.fr",M. Pierre FOND (président),ALTEREA,SIPPEREC,non connu,,01/01/2021,sans information,sans information,,25/09/18 : sensibilisation des élus,29/09/2018,"planifié
27/09/2018 : déclaration d'intention
2019/T2 : 
- ateliers thématiques
- publications par voie de presse",30/01/19,s.o.,"planifié
en cours","planifié
","planifié
","planifié
2020/T1",,,,,,,,,http://www.saintgermainbouclesdeseine.fr/environnement/plan-climat-air-energie-territorial-pcaet/,"07/12/2017
cf. http://www.saintgermainbouclesdeseine.fr/projets-et-realisations/le-projet-de-territoire/",pas envisagé,pas envisagé,"planifié
schéma stratégique cyclable","planifié
en cours d'élaboration",pas envisagé,,
78,78-CASQY,CA Saint-Quentin-en-Yvelines,200058782,CA,230000,"Communauté d'agglomération de Saint-Quentin-en-Yvelines
1, rue Eugène-Hénaff - BP 10118
78192 Trappes cedex",,Adopté,04/06/21,29/06/20,Adoption du PCAET fixé à décembre 2020,"Mme Véronique PORTEMONT
01 39 44 79 87
veronique.portemont@sqy.fr",M. Jean-Michel FOURGOUS (président),non connu,non connu,2017,,01/01/2021,sans information,sans information,,réalisé,n.c.,01/03/2019 : publication déclaration d'intention,06/04/17,27/10/17,réalisé,réalisé,réalisé,1/3/19,1/4/19,01/03/19,1/7/19,23/4/19,"planifié
septembre 2020","planifié
décembre 2020",,,,,,,,,,,
78/91,78-CAVGP,CA Versailles-Grand-Parc,247800584,CA,268000,"Communauté d’agglomération de Versailles-Grand-Parc
Centre Administratif 
56 avenue de Saint Cloud
78000 Versailles",,Notifié,28/02/22,16/01/20,Rédaction du cahier des charges pour sélectionner un bureau d'étude,"M. Pierrick DEGARDIN
01 30 97 84 72
pierrick.degardin@versailles.fr 
Meline BARONIAN
meline.baronian@versailles.fr",François DE MAZIÈRES (président),non connu,non connu,oui,,01/01/2021,sans information,sans information,,"planifié
Rédaction cahier des charges en cours (16/1/20)",n.c.,17/05/2019 : publication déclaration d'intention,,,"planifié
en cours",,,,,,,,,,,,,,,,,,,,
78,78-CCCY,CC Coeur d'Yvelines,247800618,CC,50000,"Communauté de Communes Coeur-d’Yvelines
1 Place aux Herbes
78640 Neauphle-le-Château",,Notifié,02/03/22,,,"Mme Isabelle ANTOINE
01 34 89 63 52
i.antoine@cccy.fr",M. Olivier GUITTARD,non connu,non connu,non connu,,01/01/2021,sans information,sans information,,La CCCY a fait savoir qu'elle ne souhaite pas élaborer un PCAET,,,,,,,,,,,,,,,,,,,,,,,,,
78,78-CCGM,CC Gally-Mauldre,200034130,CC,23000,"Communauté de Communes de Gally-Mauldre
Place de la mairie
78580 Maule",,Notifié,22/07/19,19/07/19,,"M. Matthieu BOURG (à partir du 2/10/19)
01 30 55 55 40
Mme BOURDON (intérim)
direction-urba@cc-gallymauldre.fr",M. Laurent RICHARD (président),non connu,non connu,non connu,,01/01/2022,sans information,sans information,,"planifié
Recrutement d'un BE en cours",,planifié,,,"planifié
",,,,,,,,,,,,,,"oui
à rechercher",,,,,,
78,78-CCHVC,CC Haute-Vallée-de-Chevreuse,200033173,CC,26000,,,Notifié,18/06/21,,,"M. Peter VAN BUSSEL
pvanbussel@cchvc.fr",M. Olivier BEDOUELLE,non connu,non connu,non connu,,01/01/2021,sans information,sans information,,,,,,,,,,,,,,,,,,,,,,,,,,,
78,78-CCPH,CC Pays-Houdannais,247800550,CC,29000,"Communauté de Communes du Pays-Houdanais
22, Porte d’Epernon
78550 Maulette",,Notifié,28/02/22,,,"Mme Christiane CAYROL
01 30 46 82 80
M. Jean-Claude ASTIER
directeur.general@cc-payshoudanais.fr",M. Jean-Jacques MANSAT (président),non connu,non connu,non connu,,01/01/2022,sans information,sans information,,18/06/2018 : rencontre des maires,,,,,,,,,,,,,,,,,,,,,,,,,
78,78-CCPIDF,CC Portes-d’Île-de-France,200071074,CC,22161,"Communauté de communes des Portes-de-l'Île-de-France
ZA le Clos Prieur
Rue Solange Boutel
78 840 Freneuse",,Notifié,05/03/21,10/12/20,La notification du lancement est prévue (11/12),"Mme DUCLOUX
me.ducloux@ccpif.fr",M. Alain PEZZALI (président),en interne,non connu,non connu,,01/01/2022,sans information,sans information,,planifié,,,,,,,,,,,,,,,,,,,,,,,,,
78,78-CUGPSO,CU Grand-Paris-Seine et Oise,200059889,CU,405000,"Communauté Urbaine Grand-Paris Seine&Oise
Immeuble Autoneum
Rue des Chevries
78410 Aubergenville",,Adopté,12/12/20,14/05/20,"L'avis de l'État est en cours d'élaboration.
Avis de la MRAe rendu le 18 mai","M. Florent CLAVIER
06 75 88 69 68
florent.clavier@gpseo.fr
Jeanne-Flore BLOMME-LEVENEUR
Chargée de mission Animation de la  Transition Energétique
06 03 16 62 16
jeanne-flore.blomme-leveneur@gpseo.fr",non connu,non connu,non connu,2017,,01/01/2021,sans information,sans information,,réalisé,01/04/2016,réalisé,01/04/16,s.o.,réalisé,réalisé,réalisé,12/12/2019,03/02/20,14/05/20,18/5/20,31/7/20,"planifié
mai-juin 2020","planifié
septembre 2020",,,,,,,,,,,
91,91-CACEA,CA Coeur d'Essonne Agglomération (ex. CCA+CAVO),200057859,CA,191000,"Cœur d’Essonne Agglomération
La Maréchaussée
1, place Saint-Exupéry
91704 Sainte-Geneviève-des-Bois Cedex",,Sans information,06/01/21,25/06/20,,"
M. Christophe BRÉRAT
Directeur général adjoint
C.BRERAT@coeuressonne.fr ",non connu,non connu,non connu,2017,,01/01/2021,sans information,sans information,,12/09/2019 : Lancement d'un schéma des EnR,,,,,,,,,,,,,,,,,,,,,,,,,"Bénéficiaire de TIGA pour le projet SESAME - 387 000€ pour le dossier ""Cœur d’Essonne, territoire pionnier de la transition agricole et alimentaire en région Ile-de-France""

Lauréat de l'AMI ADEME « PLANIF 2 °C »"
91,91-CAESE,CA Etampois-Sud-Essonne,200017846,CA,52000,"Communauté d'agglomération Étampois-Sud-Essonne
Place de l'Hotel de Ville et des droits de l'homme
91 150 Étampes",,Notifié,19/08/19,26/07/19,,"Mme Noémie LOUIS
01 69 92 67 43
noemie.louis@caese.fr
M. Philippe LE BELLEC
Chargé de mission
01 64 59 24 43
philippe.lebellec@caese.fr","M. Yves VILLATE
Vice-président en charge du développement durable et de l'environnement",en interne,non,non,,01/01/2022,sans information,sans information,,15/11/18 : séminaire élus,03/07/2019,"planifié
03/07/2019 : déclaration intention",de facto,,réalisé,planifié,"planifié
actions en cours sur la base du précédant PCET/PCAET","planifié
2020-2021",,,,,,,,,,pas envisagé,pas envisagé,pas envisagé,pas envisagé,"planifié
en cours d'élaboration",pas envisagé,,
91/77,91-CAGPS,CA Grand Paris Sud Seine-Essonne-Sénart,200059228,CA,351608,"Communauté d'agglomération
Grand-Paris-Sud-Seine-Essonne-Sénart
500, place des Champs Elysées, 91000 Évry-Courcouronnes",,Adopté,04/02/20,04/02/20,,"Mme Bérengère MAINFROID
01 69 91 59 13
b.mainfroid@grandparissud.fr",non connu,non connu,non connu,2017,,01/01/2021,sans information,sans information,,réalisé,25/07/17,"10/10/2018 - 15-01/2019 : période de concertation
14&21/11/2018 : ateliers de concertation",28/07/2017,43035,réalisé,"réalisé
11/04/19 GT EnR","réalisé
06/06/2019 : COPIL",43641,"28/06/2019
(courriel)",01/07/19,réalisé,20/08/19,réalisé,17/12/19,,https://www.territoires-climat.ademe.fr/private/demarche/1067-plan-climat-air-energie-territorial/ma-demarche,,"05/02/2019
lancement CTE","planifié
en cours d'élaborationn",,"planifié
en cours d'élaboration
12 & 17/06/2019 : ateliers",,,"05/02/2019 : lancement CTE
09/07/2019 : approuvé","Lauréat AMI ""Santé, Environnement, Aménagement"" (2019) en lien avec le SCoT"
91,91-CAPS,CA Paris-Saclay,200056232,CA,302000,"Communauté d’agglomération Paris-Saclay
1, rue Jean-Rostand
91898 Orsay Cedex",,Adopté,26/10/20,14/09/20,28/5 : Départ de Claire LESTRAT,"M. Richard LE COMPAGNON
01 69 35 66 89
richard.lecompagnon@paris-saclay.com 
M. Anthony HUA
Chef de projet transition-énergétique
anthony.hua@paris-saclay.com
Mme Eva PINEAU
Chargée de mission PCAET
Eva.PINEAU@paris-saclay.com","Mme Sandrine GELOT
Vice-présidente en charge de la transition énergétique",non connu,non connu,2017,,01/01/2021,sans information,sans information,,novembre 2017 : séminaire de lancement,20/12/2017,s.o.,22/01/18,18/05/18,réalisé,réalisé,réalisé,21/12/18,,21/12/18,,22/02/19,"réalisé 
209/03",26/6/19,,https://www.territoires-climat.ademe.fr/private/demarche/974-plan-climat-de-paris-saclay/ma-demarche,,http://www.paris-saclay.com/l-agglo/projet-de-territoire-257.html,,,,,,,
91,91-CAVYVS,CA Val-d’Yerres-Val-de-Seine,200058477,CA,178000,"Communauté d’agglomération Val d’Yerres – Val de Seine
78 RN 6 - BP 103
91805 BRUNOY CEDEX",,Consultation,28/02/22,13/03/20,,"Mme Séverine VALENTINI
Directrice du Développement Durable
01 69 73 73 12
svalentini@vyvs.fr",non connu,ALTEREA,non connu,non connu,,01/01/2021,sans information,sans information,,,27/06/2019,22/07/2019 : Délibération déclaration intention,,,,,,,,,,,,,,,https://www.vyvs.fr/actualite/lancement-du-plan-climat-air-energie-territorial-pcaet.html,adopté le 09/04/2018,,,,,,,
91,91-CC2V,CC Deux-Vallées,249100157,CC,18931,"Communauté de communes des Deux-Vallées
23 rue de la Chapelle Saint Blaise
91 490 Milly-la-Forêt",,Non concerné,02/08/18,03/02/17,,"Mme Claire ROTHFUSS
Développement économique
01 82 93 00 15
economie@cc2v91.fr",M. Pascal SIMONNOT (président),non connu,non connu,non connu,,non concerné,non concerné,non concerné,non concerné,,,,,,,,,,,,,,,,,,,,,,,,,,
91,91-CCDH,CC Dourdonnais-en-Hurepoix,249100595,CC,26000,"Communauté de communes du
Dourdonnais-en-Hurepoix
17 rue Pierre Ceccaldi
91410 Dourdan",,Adopté,18/10/21,17/09/19,Dépôt projet PCAET pour 2020/S51 (19/11/20),"M. Thomas DIPPE
01 60 81 12 25 / 07 72 38 68 40
thomas.dippe@ccdourdannais.com","Mme BOUDART
(Vice-présidente au développement durable)",en interne ,non connu,non connu,,01/01/2021,sans information,sans information,,06/02/19 : rencontre CCEJR/DRIEE,31/12/2016,"21/02/19 : nouvelle délibération
mars 2019 : séminaire de lancement avec ALEC",1/3/19,s.o.,"27/03/2019 : COTECH
24/06/2019 : projet de diagnostic
27/06/2019 : Comité des partenaires
04/07/2019 : Adoption diag.","septembre 2019 : projet de stratégie
25/09/2019 : COTECH
14/11/2019 : Atelier déchet","planifié
décembre 19 : atelier et concertation
mai 2020 : projet de plan","planifié
juin 2020",,,,,"planifié
septembre 2020","planifié
fin 2020",,,,"planifié
avril 2019 : délibération",,,,,,,
91,91-CCEJR,CC Entre-Juine-et-Renarde,249100553,CC,27321,"Communauté de communes
Entre-Juine-et-Renardes
Place Charles de Gaulle
91580 Etréchy",,Adopté,09/04/21,16/12/20,Adoption du PCAET reporté 2021/T1 (19/11/20),"Mme Claire BIERME
06 03 81 07 35
dev.durable@ccejr.org
M. Cédric JAGOU
Responsable du développement durable des territoires
cedric.jagou@ccejr.org
06 72 71 51 05
01 83 63 88 25",non connu,AD3e,non connu,non connu,,01/01/2021,sans information,sans information,,11/06/18 : lancement public,14/12/2017,"28/05/18 : déclaration d'intention
04&05/07/18 : ateliers avec le public",22/12/17,18/05/18,réalisé,réalisé,"réalisé
18/09/2019 : COPIL",9/12/19,réalisé,09/12/19,élaboration en cours,07/02/20,"planifié
janvier 2021","planifié
février-mars 2020",,,,,,,,,,,
91,91-CCPL,CC Pays-de-Limours,249100074,CC,27000,"Communauté de communes du Pays-de-Limours
615, rue Fontaine de Ville
91640 Briis-sous-Forges",,Notifié,27/06/19,25/06/19,,"Mme Isabelle LAMOURRE
Directrice générale
i.lamourre@cc-paysdelimours.fr 

M. Gautier BRUNET
Stagiaire service environnement
01 64 90 78 2","M. Bernard VERA (président)
M. Léopold LECOMPAGNON
(vice-président)",Lamy Environnement,non connu,2018,,01/01/2022,sans information,sans information,,23/03/2017 : sensibilisation,23/03/2017,,05/07/18,s.o.,25/06/2019 : Emission diagnostic,"planifié
printemps 2019","planifié
fin 2019","planifié
fin 2019",,,,,,,,,,,"oui
à rechercher",,,,,,
91,91-CCVE,CC Val-d'Essonne,249100546,CC,59000,non connu,,Notifié,30/03/21,11/09/20,Projet d'élaboration d'un SCoT valant PCAET,"M. Morïc LATASTE
01 64 93 21 20
mlataste@ccvalessonne.com

M. Kévin PETIT
01 64 93 76 60",non connu,non connu,non connu,non connu,,01/01/2021,sans information,sans information,,"planifié
2020",,,,,,,,,,,,,,,,,,,"oui
à rechercher",,,,,,
91,91-PNRGF,PNR du Gâtinais-Français,,PNR,82000,"PNR du Gâtinais Français
Maison du Parc
20, Bd du Maréchal Lyautey
91490 Milly-la-Forêt",,Consultation,16/07/18,,,"Mme Lucie GANDON
01 64 98 73 93
l.gandon@parc-gatinais-francais.fr",non connu,non connu,non connu,non connu,,non concerné,non concerné,non concerné,non concerné,réalisé,n.c.,s.o.,de facto,s.o.,réalisé,réalisé,réalisé,21/06/18,s.o.,s.o.,s.o.,s.o.,s.o.,,,,,,,,,,,,
92,92-EPT-02-VSGP,EPT Vallée-Sud-Grand-Paris (T2),200057966,EPT,391000,"EPT Vallée-Sud-Grand-Paris
28, rue de la Redoute
92260 Fontenay-aux-Roses",,Notifié,02/09/20,29/07/19,Un recours de deux associations contre la déclaration d'intention est en cours.,"Mme Suzanne RABAUD
Cheffe de projet développement-durable
01 71 10 71 63 ; 06 43 61 00 77
suzanne.rabaud@valleesud.fr","Mme DELHOMME (EELV)
(vice présidente)",ALTEREA,SIPPEREC,non connu,,01/01/2021,sans information,sans information,,17/09/2019 : Séminaire CDTE,14/11/2017,2019 : 4 ateliers de concertation,de facto,s.o.,réalisé,planifié,planifié ,"planifié
été 2020",,,,,,"planifié
fin 2020",,,,,"planifié
avec MGP","planifié
en cours d'élaboration",,,,,
92,92-EPT-03-GPSO,EPT Grand-Paris-Seine-Ouest (T3),200057974,EPT,310000,"GRAND PARIS
Seine Ouest
9 route de Vaugirard
92196 Meudon Cedex",,Adopté,09/04/21,16/12/20,Adoption du PCAET prévu le 10/02/2021,"Mme Karine TURRO
01 46 29 24 66
karine.turro@seineouest.fr
Anne N’GUYEN KHAC
anne.nguyen-Khac@seineouest.fr
01 46 29 44 24
06 84 98 45 68",Mme Christiane BARODY-WEISS (vice-présidente environnement),ALTEREA,non connu,2017,,01/01/2021,sans information,sans information,,réalisé,29/08/2018,"12/2018-03/2019
5/7/12/2018 : ateliers de concertation",29/08/17,27/10/17,"réalisé
mai 2018","27/09/2018 : COPIL
5-7/12/2018 : 3 ateliers de concertation","18/09/20019 : Atelier PCAET
12-14/2 : 4 ateliers (ACC, QA, ENR, mobilité, rénovation, etc.)",25/09/2019,17/4/20,s.o.,élaboration en cours,s.o.,réalisé : 9/11/2020 - 6/12/2020,"planifié
10/02/2021",,,,,"planifié
avec MGP",,,,,,
92,92-EPT-04-POLD,EPT Paris-Ouest-La-Défense (T4),200057982,EPT,568000,"EPT Paris-Ouest-la-Défense
Immeuble le Luminis
91, rue Jean Jaurès
CS 30050
92806 Puteaux Cedex",1.0,"Adopté
manque Ae",10/06/20,09/06/20,"Problème : l'avis de l'autorité environnementale n'a pas été demandé, une évaluation environnemental doit être réalisé au plus tard lors du bilan à mi-parcours","Jérémie LOB-FERRAGGIOLI
j.lob@pold.fr
01 55 69 31 64",non connu,non connu,non connu,2018,,01/01/2021,sans information,sans information,,réalisé,21/08/2017,,24/08/17,27/10/17,réalisé,réalisé,réalisé,réalisé,,s.o.,,s.o.,"réalisé
15/3 -15/4/2019",25/06/19,,,,,"planifié
avec MGP",,,,,,
92/95,92-EPT-05-BNS,EPT Boucle-Nord-de-Seine (T5),200057990,EPT,434000,non connu,,Consultation,28/02/22,,Est ce que M. BERTOMEU est parti ?,"Noël BERTOMEU
Directeur générale des services
noelbertomeu.eptbns@gmail.com
Anaïs KOT
Directrice du Développement Territorial
anais.kot@bouclenorddeseine.fr
01 70 48 48 68 / 06 48 08 97 61
Alexia ROUSSEL
Chargée d’affaires
alexia.roussel@ville-argenteuil.fr",non connu,non connu,non connu,non connu,,01/01/2021,sans information,sans information,,,27/09/2018,,3/2/20,05/06/20,,,,,,,,,,,,,,,"planifié
avec MGP",,,,,,
93,93-EPT-06-PC,EPT Plaine Commune (T6),200057867,EPT,414000,"Plaine Commune
21, avenue Jules-Rimet
93218 Saint-Denis Cedex",,Adopté,16/12/20,16/12/20,,"Mme Frédérique DEQUIEDT
01 55 93 49 34
Mme Amélie BOISSONNET
01 55 93 57 63
amelie.boissonnet@Plainecommune.com.fr",non connu,non connu,non connu,2018,,01/01/2021,sans information,sans information,,réalisé,n.c.,réalisé,17/07/17,27/10/17,réalisé,réalisé,réalisé,08/10/19,08/10/19,s.o.,09/01/20,s.o.,Du 13/01/2020 au 13/02/2020,25/02/20,,,,,"planifié
avec MGP",,,,,,
93,93-EPT-07-PTE,EPT Paris Terres d'Envol (T7),200058097,EPT,349000,"EPT Terre d'Envol
BP 10018
93601 Aulnay-sous-Bois cedex",1.0,Adopté,14/09/21,19/10/20,L'EPT souhaite postuler à l'AMI CITEC (19/10),"Mme Christelle BARBEROT
06 74 69 75 65
christelle.barberot@paristde.fr
Fabienne LLEDO
Chargée de mission auprès de la direction
01 43 84 65 45/06 84 47 81 27
fabienne.lledo@paristde.fr","Monsieur Madani ARDJOUNE
Vice-Président en charge du PCAET et du développement durable à l’EPT ","ALTEREA
Madame Ani DJINDIAN, chef de projet",non,non,,01/01/2021,sans information,sans information,,"11/06/2018 : conseil des maires des 8 communes, présentation de la démarche et du calendrier",09/07/2018,"10/10/2018-31/01/2019 : enquête en ligne
10/10/2018 : Atelier mobilité durable
11/10/2018 : Atelier bâti durable
11/10/2018 : Atelier consommation responsable
15/10/2018 : Atelier adaptation changement climatique
24/06/2019 : Déclaration d'intention","24/09/18
(pas reçu)",s.o.,juillet-octobre 2018,octobre 2018 - janvier 2019,janvier-avril 2019,"planifié
24/06/2019","planifié
",s.o.,Élaboration en cours,s.o.,,,,,,,"planifié
avec MGP","planifié
prédiagnostic en cours de réalisation,
élaboration lancé mi-2020","planifié
en cours d'élaboration","planifié
en cours d'élaboration","planifié
en cours d'élaboration",,
93,93-EPT-08-EE,EPT Est-Ensemble (T8),,EPT,400000,"Est-Ensemble
100, avenue Gaston Roussel
93232 Romainville Cedex","2.1
mise à jour
(éval. env.)",Adopté,19/11/19,16/10/19,,"M. Nicolas LEROUX
01 79 64 54 90
nicolas.leroux@est-ensemble.fr

M. Quentin NEULAT
chargé de mission énergie climat
Quentin.NEULAT@est-ensemble.fr

Mme Carole JANNETEAU
chargée de mission sensibilisation et communication environnementale
Carole.janneteau@est-ensemble.fr","M. Nicolas LEROUX
01 79 64 54 90
nicolas.leroux@est-ensemble.fr

M. Quentin NEULAT
Chargé de mission énergie-climat
quentin.neulat@est-ensemble.fr",non connu,non connu,2017,,01/01/2021,sans information,sans information,,s.o.,"planifié
26/03/2019",mise à jour du PCAET,de facto,,,,,"planifié
2019/avril","planifié
2019/avril","planifié
2019/juillet",,,"planifié
2019/octobre","planifié
2020/février",,,,,,,,,,,Lauréat de l'AMI ADEME « PLANIF 2 °C »
93,93-EPT-08-EE,EPT Est-Ensemble (T8),200057875,EPT,400000,"Est-Ensemble
100, avenue Gaston Roussel
93232 Romainville Cedex",2.0,"Adopté
(pré-LTECV)",s.o.,s.o.,,"M. Nicolas LEROUX
01 79 64 54 90
nicolas.leroux@est-ensemble.fr","M. Nicolas LEROUX
01 79 64 54 90
nicolas.leroux@est-ensemble.fr

M. Quentin NEULAT
Chargé de mission énergie-climat
quentin.neulat@est-ensemble.fr",non connu,non connu,2017,,01/01/2021,sans information,sans information,,s.o.,n.c.,"205/printemps, 450 personnes, production d'un livre blanc",de facto,s.o.,s.o.,s.o.,s.o.,s.o.,s.o.,s.o.,s.o.,s.o.,s.o.,2017/février,,,,,"planifié
avec MGP","planifié
en cours d'élboration",,,,,
93,93-EPT-09-GPGE,EPT Grand-Paris-Grand-Est (T9),200058790,EPT,386000,non connu,,Consultation,12/01/21,,,non connu,non connu,non connu,non connu,non connu,,01/01/2021,sans information,sans information,,,,,,,,,,,,,,,,,,,,,"planifié
avec MGP",,,,,,"Lauréat AMI ""Santé, Environnement, Aménagement"" (2019) dans le cadre du PCAET"
94,94-EPT-10-PEMB,EPT Paris-Est-Marne-et-Bois (T10),200057941,EPT,503000,"EPT Paris-Est-Marne-Bois
1 place Uranie
94340 Joinville-le-Pont",,Notifié,01/07/20,01/07/20,02/06/2020 : Affichage déclaration intention,"Mme Sandra DESOUSA
01 48 71 52 93
sandra.desousa@pemb.fr","Mme Marie-Hélène MAGNE
(vice-présidente)",non connu,non connu,non connu,,01/01/2021,sans information,sans information,,réalisé,25/09/2017,"13/03/2019 : atelier 'énergie et mobilités'
11/04/2019 : atelier 'résilience et biodiversité'
2019/T3 : séminaire PCAET",10/10/17,18/05/18,2019/T1 : finalisation du diagnostic,2019/T1 : ateliers,"2019/S1
26/11/2019 : Atelier eau, milieux, biodiversité",16/12/20,,s.o.,,s.o.,,,,,,"planifié
28/06/2019 : assise du territoire","planifié
avec MGP",,,,,,
94,94-EPT-11-GPSEA,EPT Grand-Paris-Sud-Est-Avenir (T11),200058006,EPT,305565,"EPT Grand-Paris-Sud-Est-Avenir
14 rue Le Corbusier - Zone Europarc
94046 Créteil Cédex",,Adopté,14/09/21,11/06/20,Le plan d'action du PAT est en cours d'élaboration,"Mme Catherine GELIN-VOLLOT
01 41 94 30 06
cgelin-vollot@gpsea.fr 

Mme Isabelle BENY                                   
Directrice-adjointe du Développement durable
01 41 94 31 84/06 29 60 69 48
ibeny@gpsea.fr
Espace des Buissons
rue du Faubourg Saint-Marceau
94440 Marolles-en-Brie","M. Régis Charbonnier
2ème Vice-Président en charge des déchets, de la production horticole et du Développement durable

M. Yvan FEMEL
Conseiller territorial délégué au Plan Climat Air Energie Territorial","en interne
avec
l’Agence de l’Energie du Val-de-Marne
et le Cluster Eau-Milieux-Sols",aucun,aucun,,01/01/2021,sans information,sans information,,réalisé,14/02/2018,"réalisé
fin 2018 : ateliers",03/04/18,18/05/18,réalisé,"réalisé
cf.
https://www.youtube.com/watch?v=-E86jJHMea8&t=8s
https://www.youtube.com/watch?v=I7kGHRCOE5w","14/06/2018 : Atelier habitat
27/09/2018 : Atelier EnR
13/12/2018 : Atelier eau-milieux-sols-biodiv
13/06/2019 : Forum ouvert PAT
19/06/2019 : Restitution",01/10/2019,,s.o.,,s.o.,,,,,,,"planifié
avec MGP","planifié
étude de préfiguration en cours","planifié
avec plan vélo
19/02/2019 : atelier",,,,"planifié
Plan alimentaire territorial (PAT)"
94/91,94-EPT-12-GOSB,EPT Grand-Orly-Seine-Bièvre (T12),200058014,EPT,679000,"Établissement Public Territorial Grand-Orly-Seine-Bièvre
29, quai de l’industrie
91200 Athis-Mons",,Notifié,20/05/20,19/05/20,Atelier PCAET en ligne jusqu'au 29 mai 2020.,"M. Flavien MAROOTE
01 69 57 81 58
flavien.maroote@grandorlyseinebievre.fr",Mme Stéphanie DAUMIN (vice-présidente),non connu,non connu,2017,,01/01/2021,sans information,sans information,,03/10/17 : lancement,03/10/2017,"automne 2018
mai 2020 : atelier PCAET (en ligne)",de facto,s.o.,20/03/2018 : validation du diagnostic,18/12/2018 : validation des 4 exigences du territoire,"planifié
21/02/2019 : séminaire 'projet de territoire'","planifié
2020/juin",,,,,,,,"oui
à rechercher",,,"planifié
avec MGP",,,,,"planifié
09/07/2019: Lauréat","Lauréat AMI ""Santé, Environnement, Aménagement"" (2019) avec Choisy-le-Roi"
95/78,95-CACP,CA Cergy-Pontoise,249500109,CA,203000,"Communauté d'agglomération de Cergy-Pontoise
Hôtel d'agglomération
Parvis de la Préfecture - BP 80309
95027 Cergy-Pontoise Cedex",,Adopté,19/07/19,12/07/19,,"M. Guillaume QUEVAREC
01 34 41 43 14
guillaume.quevarec@cergypontoise.fr",non connu,non connu,non connu,2017,,01/01/2021,sans information,sans information,,s.o.,n.c.,s.o.,01/01/15,s.o.,réalisé,réalisé,réalisé,13/03/18,30/03/18,28/03/18,28/06/18,tacite,réalisé,2018/décembre,,https://www.territoires-climat.ademe.fr/private/demarche/adoption-dun-pceat-agenda-21/ma-demarche,,,,,,,,,
95,95-CAPV,CA Plaine-Vallée,200056380,CA,182000,"Communauté d'agglomération Plaine-Vallée
1, rue de l’Egalité CS 10042
95233 Soisy-sous-Montmorency Cedex",,Notifié,24/04/21,02/11/20,L'AMO a du être désigné mi-novembre 2020 (15/12/20),"M. P. GIROT
Directeur général des services
PGIROT@agglo-plainevallee.fr
M. Quentin REVERT
Chargé de mission PCAET
qrevert@agglo-plainevallee.fr
",non connu,non connu,non connu,2018,,01/01/2021,sans information,sans information,,,,,,,,,,,,,,,,,,,,,,,,,,,
95/77,95-CARPF,CA Roissy-Pays-de-France,200055655,CA,346000,"Communauté d’agglomération Roissy Pays de France
6bis avenue Charles de Gaulle
95700 Roissy-en-France",1,Adopté,09/12/21,25/02/20,"Le projet de PCAET est en phase de consultation.

L'avis de l'État a été signé le 5 mai. L'avis de la MRAe est en cours d'élaboration.","M. Roger LEVECQUE
Directeur du développement durable
01 34 04 37 12 & 06 11 74 03 33
rlevecque@roissypaysdefrance.fr
Mme Camille STARICO
Responsable du service développement durable
01 34 04 33 05 & 06 84 78 83 75
cstarico@roissypaysdefrance.fr
Camille THIAUDIERE
Chargée de mission PCAET et PTRE
01-34-04-33-05
07-78-39-75-93
cthiaudiere@roissypaysdefrance.fr","M. Hervé TOUGUET
(vice-président délégué au DD)","BL-evolution
& ETIK-presse",non connu,demandé,,01/01/2021,sans information,sans information,,"septembre 2017 : délibération engagement
24/01/2018 : désignation AMO
27/05/2019 : réunion publique de lancement",28/09/2017,"10/09/2019 : atelier mobilités
12/09/2019 : atelier habitat, logement et nouvelles énergies
19/09/2019 : atelier developpement et consommation responsable
19/09/2019 : atelier agriculture, séquestration carbone, biodiversité
25/09/2019 : atelier épanouissement et solidarités
03/10/2019 : atelier sensibilisation au DD, consommation responsable
14/10/2019 : déclaration d'intention",de facto,s.o.,réalisé,réalisé,réalisé,19/12/19,,25/02/20,Élaboration en cours,5/5/20,,,,,,,,,,,,,
95,95-CAVP,CA Val-Parisis,200058485,CA,266000,"Communauté d'agglomération
Val-Parisis
271 chaussée Jules César
95250 Beauchamp",,Notifié,13/12/19,12/12/19,,"Mme Murielle VANNIER
01 30 26 39 70
mvannier@valparisis.fr",non connu,non connu,non connu,non connu,,01/01/2021,sans information,sans information,,,n.c.,01/07-30/08/2019 : Consultation publique,08/03/19,s.o.,réalisé,"réalisé
2019/S2","planifié
en cours",,,,,,,,,,,,,,,,,,
95,95-CCCPF,CC Carnelle-Pays-de-France,200073013,CC,31500,"Communauté de communes Carnelle-Pays-de-France
15, rue Bonnet
95270 LUZARCHES",,Adopté,09/12/21,05/11/20,Dépot du projet de PCAET le 5/11/20 pour avis,"M. Christophe ARMAGNAGUE
Directeur général des services
01 34 71 01 01 / 06 10 51 50 34
c.armagnague@c3pf.fr 
Mme Valérie DA CRUZ
01 34 71 01 00 / 06 77 74 39 15
v.dacruz@c3pf.fr",M. Patrice ROBIN (président),INDDIGO,SIGEIF,non connu,,01/01/2022,sans information,sans information,,"28/05/2018 : délibération
02/07/2018 : notification",28/05/2018,"28/05/18 : délibération déclaration d’intention
planifié en coordination CC3P/CCVO3F
19/11/2019 : Atelier mobilité
19/11/2019 : Atelier exemplarité
03/12/2019 : Atelier résidentiel et habitat
03/12/2019 : Atelier urbanisme et aménagement
13/12/2019 : Atelier EnR
13/12/2019 : Atelier ruralité",02/07/18,s.o.,"18/09/2018 : COPIL
17/04/2019 : Présentation du diagnostic","réalisé
",17/01/2020 : COPIL,5/11/20,,05/11/20,,Élaboration en cours,,,,,,,,,,,,,
95,95-CCHVO,CC Haut-Val-d'Oise,249500489,CC,38000,"Communauté de communes
du Haut-Val-d'Oise
16, rue Nationale
CS 10600
95260 Beaumont-sur-Oise",,Notifié,18/06/20,10/03/20,,"M. Antoine BLANCHARD
Chef de projet ACV
01 39 37 89 83
acv@cchvo.com",non connu,non connu,non,non,demandé,01/01/2021,sans information,sans information,,,09/12/2019,8/1/2020 : Déclaration d'intention,07/02/20,5/6/20,,,,,,,,,,,,,,,,,,Élaboration en cours prévu pour 2020/T3,,,
95,95-CCSI,CC Sausseron-Impressionistes,249500430,CC,19261,non connu,,Non concerné,,,,non connu,non connu,non connu,non connu,non connu,,non concerné,non concerné,non concerné,non concerné,,,,,,,,,,,,,,,,,,,,,,,,,,
95,95-CCVC,CC Vexin-Centre,200035970,CC,24000,non connu,,Sans information,,,,non connu,non connu,non connu,non connu,non connu,,01/01/2022,sans information,sans information,,,,,,,,,,,,,,,,,,,,,,,,,,,
95,95-CCVO3F,CC Vallée-de-l'Oise-et-des-Trois-Forêts,249500455,CC,38000,"Communauté de communes de la Vallée-de-l’Oise-et-des-Trois-Forêts
1, avenue Jules Dupré
95290 L’Isle-Adam",,Adopté,09/12/21,19/10/20,Avis de l'État en cours d'élaboration,"Mme GUILLAUME
Directrice des services
01 34 69 75 09
i.guillaume@ccvo3f.fr",Roland GUICHARD (président),non connu,SIGEIF,non connu,,01/01/2021,sans information,sans information,,"planifié
septembre 2018",15/06/2018,"Réalisé planifié en coordination CC3P/CCVO3F
19/11/2019 : Atelier mobilité
19/11/2019 : Atelier exemplarité
03/12/2019 : Atelier résidentiel et habitat
03/12/2019 : Atelier urbanisme et aménagement
13/12/2019 : Atelier EnR
13/12/2019 : Atelier ruralité",25/06/18,s.o.,"réalisé
23/03/2019 : réunion publique présentation diagnostic
29/05/2019 : Rapport du diagnostic final",réalisé,en cours,19/10/20,,19/10/20,,Élaboration en cours,,,,,,,,,,,,,
95,95-CCVVS,CC Vexin-Val-de-Seine,249500513,CC,16694,non connu,,Non concerné,,,,non connu,non connu,non connu,non connu,non connu,,non concerné,non concerné,non concerné,non concerné,,,,,,,,,,,,,,,,,,,,,,,,,,
IDF,IDF-MGP,Métropole du Grand Paris,200054781,Métropole,7000000,"Métropole du Grand Paris
15-19, avenue Pierre Mendès-France - CS 81411
75646 Paris Cedex 13",,Adopté,18/09/20,17/09/20,Arrivé de M. Doublet comme correspondant PCAET le 15/7/20,"M. Florent DOUBLET
florent.doublet@metropolegrandparis.fr
Maria SPENDEL
maria.spendel@metropolegrandparis.fr 
",non connu,non connu,non connu,non connu,,01/01/2021,sans information,sans information,,réalisé,25/11/2016,réalisé,26/12/16,15/02/17,réalisé,réalisé,réalisé,08/02/17,23/02/18,,17/05/18,tacite,2018,2018/décembre,,,,,"planifié
avec EPT",,,,,,
